name	variant	category
Roboto 100	100	sans-serif
Roboto 100italic	100italic	sans-serif
Roboto 300	300	sans-serif
Roboto 300italic	300italic	sans-serif
Roboto regular	regular	sans-serif
Roboto italic	italic	sans-serif
Roboto 500	500	sans-serif
Roboto 500italic	500italic	sans-serif
Roboto 700	700	sans-serif
Roboto 700italic	700italic	sans-serif
Roboto 900	900	sans-serif
Roboto 900italic	900italic	sans-serif
Open Sans 300	300	sans-serif
Open Sans 300italic	300italic	sans-serif
Open Sans regular	regular	sans-serif
Open Sans italic	italic	sans-serif
Open Sans 600	600	sans-serif
Open Sans 600italic	600italic	sans-serif
Open Sans 700	700	sans-serif
Open Sans 700italic	700italic	sans-serif
Open Sans 800	800	sans-serif
Open Sans 800italic	800italic	sans-serif
Lato 100	100	sans-serif
Lato 100italic	100italic	sans-serif
Lato 300	300	sans-serif
Lato 300italic	300italic	sans-serif
Lato regular	regular	sans-serif
Lato italic	italic	sans-serif
Lato 700	700	sans-serif
Lato 700italic	700italic	sans-serif
Lato 900	900	sans-serif
Lato 900italic	900italic	sans-serif
Slabo 27px regular	regular	serif
Roboto Condensed 300	300	sans-serif
Roboto Condensed 300italic	300italic	sans-serif
Roboto Condensed regular	regular	sans-serif
Roboto Condensed italic	italic	sans-serif
Roboto Condensed 700	700	sans-serif
Roboto Condensed 700italic	700italic	sans-serif
Oswald 200	200	sans-serif
Oswald 300	300	sans-serif
Oswald regular	regular	sans-serif
Oswald 500	500	sans-serif
Oswald 600	600	sans-serif
Oswald 700	700	sans-serif
Source Sans Pro 200	200	sans-serif
Source Sans Pro 200italic	200italic	sans-serif
Source Sans Pro 300	300	sans-serif
Source Sans Pro 300italic	300italic	sans-serif
Source Sans Pro regular	regular	sans-serif
Source Sans Pro italic	italic	sans-serif
Source Sans Pro 600	600	sans-serif
Source Sans Pro 600italic	600italic	sans-serif
Source Sans Pro 700	700	sans-serif
Source Sans Pro 700italic	700italic	sans-serif
Source Sans Pro 900	900	sans-serif
Source Sans Pro 900italic	900italic	sans-serif
Montserrat 100	100	sans-serif
Montserrat 100italic	100italic	sans-serif
Montserrat 200	200	sans-serif
Montserrat 200italic	200italic	sans-serif
Montserrat 300	300	sans-serif
Montserrat 300italic	300italic	sans-serif
Montserrat regular	regular	sans-serif
Montserrat italic	italic	sans-serif
Montserrat 500	500	sans-serif
Montserrat 500italic	500italic	sans-serif
Montserrat 600	600	sans-serif
Montserrat 600italic	600italic	sans-serif
Montserrat 700	700	sans-serif
Montserrat 700italic	700italic	sans-serif
Montserrat 800	800	sans-serif
Montserrat 800italic	800italic	sans-serif
Montserrat 900	900	sans-serif
Montserrat 900italic	900italic	sans-serif
Raleway 100	100	sans-serif
Raleway 100italic	100italic	sans-serif
Raleway 200	200	sans-serif
Raleway 200italic	200italic	sans-serif
Raleway 300	300	sans-serif
Raleway 300italic	300italic	sans-serif
Raleway regular	regular	sans-serif
Raleway italic	italic	sans-serif
Raleway 500	500	sans-serif
Raleway 500italic	500italic	sans-serif
Raleway 600	600	sans-serif
Raleway 600italic	600italic	sans-serif
Raleway 700	700	sans-serif
Raleway 700italic	700italic	sans-serif
Raleway 800	800	sans-serif
Raleway 800italic	800italic	sans-serif
Raleway 900	900	sans-serif
Raleway 900italic	900italic	sans-serif
PT Sans regular	regular	sans-serif
PT Sans italic	italic	sans-serif
PT Sans 700	700	sans-serif
PT Sans 700italic	700italic	sans-serif
Merriweather 300	300	serif
Merriweather 300italic	300italic	serif
Merriweather regular	regular	serif
Merriweather italic	italic	serif
Merriweather 700	700	serif
Merriweather 700italic	700italic	serif
Merriweather 900	900	serif
Merriweather 900italic	900italic	serif
Roboto Slab 100	100	serif
Roboto Slab 300	300	serif
Roboto Slab regular	regular	serif
Roboto Slab 700	700	serif
Open Sans Condensed 300	300	sans-serif
Open Sans Condensed 300italic	300italic	sans-serif
Open Sans Condensed 700	700	sans-serif
Lora regular	regular	serif
Lora italic	italic	serif
Lora 700	700	serif
Lora 700italic	700italic	serif
Droid Sans regular	regular	sans-serif
Droid Sans 700	700	sans-serif
Ubuntu 300	300	sans-serif
Ubuntu 300italic	300italic	sans-serif
Ubuntu regular	regular	sans-serif
Ubuntu italic	italic	sans-serif
Ubuntu 500	500	sans-serif
Ubuntu 500italic	500italic	sans-serif
Ubuntu 700	700	sans-serif
Ubuntu 700italic	700italic	sans-serif
Droid Serif regular	regular	serif
Droid Serif italic	italic	serif
Droid Serif 700	700	serif
Droid Serif 700italic	700italic	serif
Playfair Display regular	regular	serif
Playfair Display italic	italic	serif
Playfair Display 700	700	serif
Playfair Display 700italic	700italic	serif
Playfair Display 900	900	serif
Playfair Display 900italic	900italic	serif
Noto Sans regular	regular	sans-serif
Noto Sans italic	italic	sans-serif
Noto Sans 700	700	sans-serif
Noto Sans 700italic	700italic	sans-serif
PT Serif regular	regular	serif
PT Serif italic	italic	serif
PT Serif 700	700	serif
PT Serif 700italic	700italic	serif
Arimo regular	regular	sans-serif
Arimo italic	italic	sans-serif
Arimo 700	700	sans-serif
Arimo 700italic	700italic	sans-serif
Titillium Web 200	200	sans-serif
Titillium Web 200italic	200italic	sans-serif
Titillium Web 300	300	sans-serif
Titillium Web 300italic	300italic	sans-serif
Titillium Web regular	regular	sans-serif
Titillium Web italic	italic	sans-serif
Titillium Web 600	600	sans-serif
Titillium Web 600italic	600italic	sans-serif
Titillium Web 700	700	sans-serif
Titillium Web 700italic	700italic	sans-serif
Titillium Web 900	900	sans-serif
PT Sans Narrow regular	regular	sans-serif
PT Sans Narrow 700	700	sans-serif
Muli 200	200	sans-serif
Muli 200italic	200italic	sans-serif
Muli 300	300	sans-serif
Muli 300italic	300italic	sans-serif
Muli regular	regular	sans-serif
Muli italic	italic	sans-serif
Muli 600	600	sans-serif
Muli 600italic	600italic	sans-serif
Muli 700	700	sans-serif
Muli 700italic	700italic	sans-serif
Muli 800	800	sans-serif
Muli 800italic	800italic	sans-serif
Muli 900	900	sans-serif
Muli 900italic	900italic	sans-serif
Poppins 300	300	sans-serif
Poppins regular	regular	sans-serif
Poppins 500	500	sans-serif
Poppins 600	600	sans-serif
Poppins 700	700	sans-serif
Indie Flower regular	regular	handwriting
Bitter regular	regular	serif
Bitter italic	italic	serif
Bitter 700	700	serif
Dosis 200	200	sans-serif
Dosis 300	300	sans-serif
Dosis regular	regular	sans-serif
Dosis 500	500	sans-serif
Dosis 600	600	sans-serif
Dosis 700	700	sans-serif
Dosis 800	800	sans-serif
Inconsolata regular	regular	monospace
Inconsolata 700	700	monospace
Fjalla One regular	regular	sans-serif
Hind 300	300	sans-serif
Hind regular	regular	sans-serif
Hind 500	500	sans-serif
Hind 600	600	sans-serif
Hind 700	700	sans-serif
Oxygen 300	300	sans-serif
Oxygen regular	regular	sans-serif
Oxygen 700	700	sans-serif
Anton regular	regular	sans-serif
Noto Serif regular	regular	serif
Noto Serif italic	italic	serif
Noto Serif 700	700	serif
Noto Serif 700italic	700italic	serif
Cabin regular	regular	sans-serif
Cabin italic	italic	sans-serif
Cabin 500	500	sans-serif
Cabin 500italic	500italic	sans-serif
Cabin 600	600	sans-serif
Cabin 600italic	600italic	sans-serif
Cabin 700	700	sans-serif
Cabin 700italic	700italic	sans-serif
Arvo regular	regular	serif
Arvo italic	italic	serif
Arvo 700	700	serif
Arvo 700italic	700italic	serif
Libre Baskerville regular	regular	serif
Libre Baskerville italic	italic	serif
Libre Baskerville 700	700	serif
Nunito 200	200	sans-serif
Nunito 200italic	200italic	sans-serif
Nunito 300	300	sans-serif
Nunito 300italic	300italic	sans-serif
Nunito regular	regular	sans-serif
Nunito italic	italic	sans-serif
Nunito 600	600	sans-serif
Nunito 600italic	600italic	sans-serif
Nunito 700	700	sans-serif
Nunito 700italic	700italic	sans-serif
Nunito 800	800	sans-serif
Nunito 800italic	800italic	sans-serif
Nunito 900	900	sans-serif
Nunito 900italic	900italic	sans-serif
Lobster regular	regular	display
Crimson Text regular	regular	serif
Crimson Text italic	italic	serif
Crimson Text 600	600	serif
Crimson Text 600italic	600italic	serif
Crimson Text 700	700	serif
Crimson Text 700italic	700italic	serif
Yanone Kaffeesatz 200	200	sans-serif
Yanone Kaffeesatz 300	300	sans-serif
Yanone Kaffeesatz regular	regular	sans-serif
Yanone Kaffeesatz 700	700	sans-serif
Roboto Mono 100	100	monospace
Roboto Mono 100italic	100italic	monospace
Roboto Mono 300	300	monospace
Roboto Mono 300italic	300italic	monospace
Roboto Mono regular	regular	monospace
Roboto Mono italic	italic	monospace
Roboto Mono 500	500	monospace
Roboto Mono 500italic	500italic	monospace
Roboto Mono 700	700	monospace
Roboto Mono 700italic	700italic	monospace
Josefin Sans 100	100	sans-serif
Josefin Sans 100italic	100italic	sans-serif
Josefin Sans 300	300	sans-serif
Josefin Sans 300italic	300italic	sans-serif
Josefin Sans regular	regular	sans-serif
Josefin Sans italic	italic	sans-serif
Josefin Sans 600	600	sans-serif
Josefin Sans 600italic	600italic	sans-serif
Josefin Sans 700	700	sans-serif
Josefin Sans 700italic	700italic	sans-serif
Bree Serif regular	regular	serif
Catamaran 100	100	sans-serif
Catamaran 200	200	sans-serif
Catamaran 300	300	sans-serif
Catamaran regular	regular	sans-serif
Catamaran 500	500	sans-serif
Catamaran 600	600	sans-serif
Catamaran 700	700	sans-serif
Catamaran 800	800	sans-serif
Catamaran 900	900	sans-serif
Merriweather Sans 300	300	sans-serif
Merriweather Sans 300italic	300italic	sans-serif
Merriweather Sans regular	regular	sans-serif
Merriweather Sans italic	italic	sans-serif
Merriweather Sans 700	700	sans-serif
Merriweather Sans 700italic	700italic	sans-serif
Merriweather Sans 800	800	sans-serif
Merriweather Sans 800italic	800italic	sans-serif
Fira Sans 100	100	sans-serif
Fira Sans 100italic	100italic	sans-serif
Fira Sans 200	200	sans-serif
Fira Sans 200italic	200italic	sans-serif
Fira Sans 300	300	sans-serif
Fira Sans 300italic	300italic	sans-serif
Fira Sans regular	regular	sans-serif
Fira Sans italic	italic	sans-serif
Fira Sans 500	500	sans-serif
Fira Sans 500italic	500italic	sans-serif
Fira Sans 600	600	sans-serif
Fira Sans 600italic	600italic	sans-serif
Fira Sans 700	700	sans-serif
Fira Sans 700italic	700italic	sans-serif
Fira Sans 800	800	sans-serif
Fira Sans 800italic	800italic	sans-serif
Fira Sans 900	900	sans-serif
Fira Sans 900italic	900italic	sans-serif
Abril Fatface regular	regular	display
Exo 2 100	100	sans-serif
Exo 2 100italic	100italic	sans-serif
Exo 2 200	200	sans-serif
Exo 2 200italic	200italic	sans-serif
Exo 2 300	300	sans-serif
Exo 2 300italic	300italic	sans-serif
Exo 2 regular	regular	sans-serif
Exo 2 italic	italic	sans-serif
Exo 2 500	500	sans-serif
Exo 2 500italic	500italic	sans-serif
Exo 2 600	600	sans-serif
Exo 2 600italic	600italic	sans-serif
Exo 2 700	700	sans-serif
Exo 2 700italic	700italic	sans-serif
Exo 2 800	800	sans-serif
Exo 2 800italic	800italic	sans-serif
Exo 2 900	900	sans-serif
Exo 2 900italic	900italic	sans-serif
Asap regular	regular	sans-serif
Asap italic	italic	sans-serif
Asap 500	500	sans-serif
Asap 500italic	500italic	sans-serif
Asap 700	700	sans-serif
Asap 700italic	700italic	sans-serif
Varela Round regular	regular	sans-serif
Abel regular	regular	sans-serif
Quicksand 300	300	sans-serif
Quicksand regular	regular	sans-serif
Quicksand 500	500	sans-serif
Quicksand 700	700	sans-serif
Gloria Hallelujah regular	regular	handwriting
Pacifico regular	regular	handwriting
Rubik 300	300	sans-serif
Rubik 300italic	300italic	sans-serif
Rubik regular	regular	sans-serif
Rubik italic	italic	sans-serif
Rubik 500	500	sans-serif
Rubik 500italic	500italic	sans-serif
Rubik 700	700	sans-serif
Rubik 700italic	700italic	sans-serif
Rubik 900	900	sans-serif
Rubik 900italic	900italic	sans-serif
Karla regular	regular	sans-serif
Karla italic	italic	sans-serif
Karla 700	700	sans-serif
Karla 700italic	700italic	sans-serif
Ubuntu Condensed regular	regular	sans-serif
Work Sans 100	100	sans-serif
Work Sans 200	200	sans-serif
Work Sans 300	300	sans-serif
Work Sans regular	regular	sans-serif
Work Sans 500	500	sans-serif
Work Sans 600	600	sans-serif
Work Sans 700	700	sans-serif
Work Sans 800	800	sans-serif
Work Sans 900	900	sans-serif
Cuprum regular	regular	sans-serif
Cuprum italic	italic	sans-serif
Cuprum 700	700	sans-serif
Cuprum 700italic	700italic	sans-serif
Signika 300	300	sans-serif
Signika regular	regular	sans-serif
Signika 600	600	sans-serif
Signika 700	700	sans-serif
Archivo Narrow regular	regular	sans-serif
Archivo Narrow italic	italic	sans-serif
Archivo Narrow 700	700	sans-serif
Archivo Narrow 700italic	700italic	sans-serif
Play regular	regular	sans-serif
Play 700	700	sans-serif
Questrial regular	regular	sans-serif
Shadows Into Light regular	regular	handwriting
Dancing Script regular	regular	handwriting
Dancing Script 700	700	handwriting
PT Sans Caption regular	regular	sans-serif
PT Sans Caption 700	700	sans-serif
Alegreya regular	regular	serif
Alegreya italic	italic	serif
Alegreya 700	700	serif
Alegreya 700italic	700italic	serif
Alegreya 900	900	serif
Alegreya 900italic	900italic	serif
Francois One regular	regular	sans-serif
Exo 100	100	sans-serif
Exo 100italic	100italic	sans-serif
Exo 200	200	sans-serif
Exo 200italic	200italic	sans-serif
Exo 300	300	sans-serif
Exo 300italic	300italic	sans-serif
Exo regular	regular	sans-serif
Exo italic	italic	sans-serif
Exo 500	500	sans-serif
Exo 500italic	500italic	sans-serif
Exo 600	600	sans-serif
Exo 600italic	600italic	sans-serif
Exo 700	700	sans-serif
Exo 700italic	700italic	sans-serif
Exo 800	800	sans-serif
Exo 800italic	800italic	sans-serif
Exo 900	900	sans-serif
Exo 900italic	900italic	sans-serif
Acme regular	regular	sans-serif
EB Garamond regular	regular	serif
Vollkorn regular	regular	serif
Vollkorn italic	italic	serif
Vollkorn 700	700	serif
Vollkorn 700italic	700italic	serif
Source Code Pro 200	200	monospace
Source Code Pro 300	300	monospace
Source Code Pro regular	regular	monospace
Source Code Pro 500	500	monospace
Source Code Pro 600	600	monospace
Source Code Pro 700	700	monospace
Source Code Pro 900	900	monospace
Maven Pro regular	regular	sans-serif
Maven Pro 500	500	sans-serif
Maven Pro 700	700	sans-serif
Maven Pro 900	900	sans-serif
Pathway Gothic One regular	regular	sans-serif
Amatic SC regular	regular	handwriting
Amatic SC 700	700	handwriting
Archivo Black regular	regular	sans-serif
Rokkitt 100	100	serif
Rokkitt 200	200	serif
Rokkitt 300	300	serif
Rokkitt regular	regular	serif
Rokkitt 500	500	serif
Rokkitt 600	600	serif
Rokkitt 700	700	serif
Rokkitt 800	800	serif
Rokkitt 900	900	serif
Crete Round regular	regular	serif
Crete Round italic	italic	serif
Libre Franklin 100	100	sans-serif
Libre Franklin 100italic	100italic	sans-serif
Libre Franklin 200	200	sans-serif
Libre Franklin 200italic	200italic	sans-serif
Libre Franklin 300	300	sans-serif
Libre Franklin 300italic	300italic	sans-serif
Libre Franklin regular	regular	sans-serif
Libre Franklin italic	italic	sans-serif
Libre Franklin 500	500	sans-serif
Libre Franklin 500italic	500italic	sans-serif
Libre Franklin 600	600	sans-serif
Libre Franklin 600italic	600italic	sans-serif
Libre Franklin 700	700	sans-serif
Libre Franklin 700italic	700italic	sans-serif
Libre Franklin 800	800	sans-serif
Libre Franklin 800italic	800italic	sans-serif
Libre Franklin 900	900	sans-serif
Libre Franklin 900italic	900italic	sans-serif
Ropa Sans regular	regular	sans-serif
Ropa Sans italic	italic	sans-serif
Alegreya Sans 100	100	sans-serif
Alegreya Sans 100italic	100italic	sans-serif
Alegreya Sans 300	300	sans-serif
Alegreya Sans 300italic	300italic	sans-serif
Alegreya Sans regular	regular	sans-serif
Alegreya Sans italic	italic	sans-serif
Alegreya Sans 500	500	sans-serif
Alegreya Sans 500italic	500italic	sans-serif
Alegreya Sans 700	700	sans-serif
Alegreya Sans 700italic	700italic	sans-serif
Alegreya Sans 800	800	sans-serif
Alegreya Sans 800italic	800italic	sans-serif
Alegreya Sans 900	900	sans-serif
Alegreya Sans 900italic	900italic	sans-serif
Patua One regular	regular	display
Source Serif Pro regular	regular	serif
Source Serif Pro 600	600	serif
Source Serif Pro 700	700	serif
Architects Daughter regular	regular	handwriting
Istok Web regular	regular	sans-serif
Istok Web italic	italic	sans-serif
Istok Web 700	700	sans-serif
Istok Web 700italic	700italic	sans-serif
Cinzel regular	regular	serif
Cinzel 700	700	serif
Cinzel 900	900	serif
BenchNine 300	300	sans-serif
BenchNine regular	regular	sans-serif
BenchNine 700	700	sans-serif
Comfortaa 300	300	display
Comfortaa regular	regular	display
Comfortaa 700	700	display
Satisfy regular	regular	handwriting
Josefin Slab 100	100	serif
Josefin Slab 100italic	100italic	serif
Josefin Slab 300	300	serif
Josefin Slab 300italic	300italic	serif
Josefin Slab regular	regular	serif
Josefin Slab italic	italic	serif
Josefin Slab 600	600	serif
Josefin Slab 600italic	600italic	serif
Josefin Slab 700	700	serif
Josefin Slab 700italic	700italic	serif
News Cycle regular	regular	sans-serif
News Cycle 700	700	sans-serif
Lobster Two regular	regular	display
Lobster Two italic	italic	display
Lobster Two 700	700	display
Lobster Two 700italic	700italic	display
Russo One regular	regular	sans-serif
Passion One regular	regular	display
Passion One 700	700	display
Passion One 900	900	display
Cormorant Garamond 300	300	serif
Cormorant Garamond 300italic	300italic	serif
Cormorant Garamond regular	regular	serif
Cormorant Garamond italic	italic	serif
Cormorant Garamond 500	500	serif
Cormorant Garamond 500italic	500italic	serif
Cormorant Garamond 600	600	serif
Cormorant Garamond 600italic	600italic	serif
Cormorant Garamond 700	700	serif
Cormorant Garamond 700italic	700italic	serif
Noticia Text regular	regular	serif
Noticia Text italic	italic	serif
Noticia Text 700	700	serif
Noticia Text 700italic	700italic	serif
Old Standard TT regular	regular	serif
Old Standard TT italic	italic	serif
Old Standard TT 700	700	serif
Hammersmith One regular	regular	sans-serif
Quattrocento Sans regular	regular	sans-serif
Quattrocento Sans italic	italic	sans-serif
Quattrocento Sans 700	700	sans-serif
Quattrocento Sans 700italic	700italic	sans-serif
ABeeZee regular	regular	sans-serif
ABeeZee italic	italic	sans-serif
Kanit 100	100	sans-serif
Kanit 100italic	100italic	sans-serif
Kanit 200	200	sans-serif
Kanit 200italic	200italic	sans-serif
Kanit 300	300	sans-serif
Kanit 300italic	300italic	sans-serif
Kanit regular	regular	sans-serif
Kanit italic	italic	sans-serif
Kanit 500	500	sans-serif
Kanit 500italic	500italic	sans-serif
Kanit 600	600	sans-serif
Kanit 600italic	600italic	sans-serif
Kanit 700	700	sans-serif
Kanit 700italic	700italic	sans-serif
Kanit 800	800	sans-serif
Kanit 800italic	800italic	sans-serif
Kanit 900	900	sans-serif
Kanit 900italic	900italic	sans-serif
Kaushan Script regular	regular	handwriting
Righteous regular	regular	display
Poiret One regular	regular	display
Gudea regular	regular	sans-serif
Gudea italic	italic	sans-serif
Gudea 700	700	sans-serif
Sanchez regular	regular	serif
Sanchez italic	italic	serif
Monda regular	regular	sans-serif
Monda 700	700	sans-serif
Quattrocento regular	regular	serif
Quattrocento 700	700	serif
Rajdhani 300	300	sans-serif
Rajdhani regular	regular	sans-serif
Rajdhani 500	500	sans-serif
Rajdhani 600	600	sans-serif
Rajdhani 700	700	sans-serif
Courgette regular	regular	handwriting
Khand 300	300	sans-serif
Khand regular	regular	sans-serif
Khand 500	500	sans-serif
Khand 600	600	sans-serif
Khand 700	700	sans-serif
Shrikhand regular	regular	display
Cantarell regular	regular	sans-serif
Cantarell italic	italic	sans-serif
Cantarell 700	700	sans-serif
Cantarell 700italic	700italic	sans-serif
Domine regular	regular	serif
Domine 700	700	serif
Economica regular	regular	sans-serif
Economica italic	italic	sans-serif
Economica 700	700	sans-serif
Economica 700italic	700italic	sans-serif
Yellowtail regular	regular	handwriting
Philosopher regular	regular	sans-serif
Philosopher italic	italic	sans-serif
Philosopher 700	700	sans-serif
Philosopher 700italic	700italic	sans-serif
Pontano Sans regular	regular	sans-serif
Yantramanav 100	100	sans-serif
Yantramanav 300	300	sans-serif
Yantramanav regular	regular	sans-serif
Yantramanav 500	500	sans-serif
Yantramanav 700	700	sans-serif
Yantramanav 900	900	sans-serif
Permanent Marker regular	regular	handwriting
Chewy regular	regular	display
Tinos regular	regular	serif
Tinos italic	italic	serif
Tinos 700	700	serif
Tinos 700italic	700italic	serif
Arapey regular	regular	serif
Arapey italic	italic	serif
Cabin Condensed regular	regular	sans-serif
Cabin Condensed 500	500	sans-serif
Cabin Condensed 600	600	sans-serif
Cabin Condensed 700	700	sans-serif
Cardo regular	regular	serif
Cardo italic	italic	serif
Cardo 700	700	serif
Cookie regular	regular	handwriting
Playfair Display SC regular	regular	serif
Playfair Display SC italic	italic	serif
Playfair Display SC 700	700	serif
Playfair Display SC 700italic	700italic	serif
Playfair Display SC 900	900	serif
Playfair Display SC 900italic	900italic	serif
Handlee regular	regular	handwriting
Alfa Slab One regular	regular	display
Armata regular	regular	sans-serif
Audiowide regular	regular	display
Kalam 300	300	handwriting
Kalam regular	regular	handwriting
Kalam 700	700	handwriting
Antic Slab regular	regular	serif
Teko 300	300	sans-serif
Teko regular	regular	sans-serif
Teko 500	500	sans-serif
Teko 600	600	sans-serif
Teko 700	700	sans-serif
Boogaloo regular	regular	display
Ruda regular	regular	sans-serif
Ruda 700	700	sans-serif
Ruda 900	900	sans-serif
Vidaloka regular	regular	serif
Shadows Into Light Two regular	regular	handwriting
Droid Sans Mono regular	regular	monospace
Oleo Script regular	regular	display
Oleo Script 700	700	display
Days One regular	regular	sans-serif
Great Vibes regular	regular	handwriting
Heebo 100	100	sans-serif
Heebo 300	300	sans-serif
Heebo regular	regular	sans-serif
Heebo 500	500	sans-serif
Heebo 700	700	sans-serif
Heebo 800	800	sans-serif
Heebo 900	900	sans-serif
Concert One regular	regular	display
Kreon 300	300	serif
Kreon regular	regular	serif
Kreon 700	700	serif
Ek Mukta 200	200	sans-serif
Ek Mukta 300	300	sans-serif
Ek Mukta regular	regular	sans-serif
Ek Mukta 500	500	sans-serif
Ek Mukta 600	600	sans-serif
Ek Mukta 700	700	sans-serif
Ek Mukta 800	800	sans-serif
Tangerine regular	regular	handwriting
Tangerine 700	700	handwriting
Patrick Hand regular	regular	handwriting
Hind Siliguri 300	300	sans-serif
Hind Siliguri regular	regular	sans-serif
Hind Siliguri 500	500	sans-serif
Hind Siliguri 600	600	sans-serif
Hind Siliguri 700	700	sans-serif
Didact Gothic regular	regular	sans-serif
Neuton 200	200	serif
Neuton 300	300	serif
Neuton regular	regular	serif
Neuton italic	italic	serif
Neuton 700	700	serif
Neuton 800	800	serif
Covered By Your Grace regular	regular	handwriting
Amiri regular	regular	serif
Amiri italic	italic	serif
Amiri 700	700	serif
Amiri 700italic	700italic	serif
Rock Salt regular	regular	handwriting
Bad Script regular	regular	handwriting
Coming Soon regular	regular	handwriting
Playball regular	regular	display
Rochester regular	regular	handwriting
Volkhov regular	regular	serif
Volkhov italic	italic	serif
Volkhov 700	700	serif
Volkhov 700italic	700italic	serif
Damion regular	regular	handwriting
Glegoo regular	regular	serif
Glegoo 700	700	serif
Sacramento regular	regular	handwriting
Coda regular	regular	display
Coda 800	800	display
Fredoka One regular	regular	display
Sorts Mill Goudy regular	regular	serif
Sorts Mill Goudy italic	italic	serif
Luckiest Guy regular	regular	display
Marck Script regular	regular	handwriting
Sintony regular	regular	sans-serif
Sintony 700	700	sans-serif
Jura 300	300	sans-serif
Jura regular	regular	sans-serif
Jura 500	500	sans-serif
Jura 600	600	sans-serif
Bevan regular	regular	display
Paytone One regular	regular	sans-serif
Nunito Sans 200	200	sans-serif
Nunito Sans 200italic	200italic	sans-serif
Nunito Sans 300	300	sans-serif
Nunito Sans 300italic	300italic	sans-serif
Nunito Sans regular	regular	sans-serif
Nunito Sans italic	italic	sans-serif
Nunito Sans 600	600	sans-serif
Nunito Sans 600italic	600italic	sans-serif
Nunito Sans 700	700	sans-serif
Nunito Sans 700italic	700italic	sans-serif
Nunito Sans 800	800	sans-serif
Nunito Sans 800italic	800italic	sans-serif
Nunito Sans 900	900	sans-serif
Nunito Sans 900italic	900italic	sans-serif
Copse regular	regular	serif
Sigmar One regular	regular	display
Martel 200	200	serif
Martel 300	300	serif
Martel regular	regular	serif
Martel 600	600	serif
Martel 700	700	serif
Martel 800	800	serif
Martel 900	900	serif
Actor regular	regular	sans-serif
Gentium Book Basic regular	regular	serif
Gentium Book Basic italic	italic	serif
Gentium Book Basic 700	700	serif
Gentium Book Basic 700italic	700italic	serif
Amaranth regular	regular	sans-serif
Amaranth italic	italic	sans-serif
Amaranth 700	700	sans-serif
Amaranth 700italic	700italic	sans-serif
Frank Ruhl Libre 300	300	sans-serif
Frank Ruhl Libre regular	regular	sans-serif
Frank Ruhl Libre 500	500	sans-serif
Frank Ruhl Libre 700	700	sans-serif
Frank Ruhl Libre 900	900	sans-serif
Sarala regular	regular	sans-serif
Sarala 700	700	sans-serif
Nothing You Could Do regular	regular	handwriting
Alice regular	regular	serif
PT Mono regular	regular	monospace
Adamina regular	regular	serif
Gentium Basic regular	regular	serif
Gentium Basic italic	italic	serif
Gentium Basic 700	700	serif
Gentium Basic 700italic	700italic	serif
Changa One regular	regular	display
Changa One italic	italic	display
Varela regular	regular	sans-serif
Nobile regular	regular	sans-serif
Nobile italic	italic	sans-serif
Nobile 700	700	sans-serif
Nobile 700italic	700italic	sans-serif
Neucha regular	regular	handwriting
Homemade Apple regular	regular	handwriting
Syncopate regular	regular	sans-serif
Syncopate 700	700	sans-serif
Bangers regular	regular	display
Rambla regular	regular	sans-serif
Rambla italic	italic	sans-serif
Rambla 700	700	sans-serif
Rambla 700italic	700italic	sans-serif
Signika Negative 300	300	sans-serif
Signika Negative regular	regular	sans-serif
Signika Negative 600	600	sans-serif
Signika Negative 700	700	sans-serif
Julius Sans One regular	regular	sans-serif
Cairo 200	200	sans-serif
Cairo 300	300	sans-serif
Cairo regular	regular	sans-serif
Cairo 600	600	sans-serif
Cairo 700	700	sans-serif
Cairo 900	900	sans-serif
Cantata One regular	regular	serif
Molengo regular	regular	sans-serif
Unica One regular	regular	display
Baloo Bhaina regular	regular	display
Black Ops One regular	regular	display
Alex Brush regular	regular	handwriting
Pragati Narrow regular	regular	sans-serif
Pragati Narrow 700	700	sans-serif
Alegreya Sans SC 100	100	sans-serif
Alegreya Sans SC 100italic	100italic	sans-serif
Alegreya Sans SC 300	300	sans-serif
Alegreya Sans SC 300italic	300italic	sans-serif
Alegreya Sans SC regular	regular	sans-serif
Alegreya Sans SC italic	italic	sans-serif
Alegreya Sans SC 500	500	sans-serif
Alegreya Sans SC 500italic	500italic	sans-serif
Alegreya Sans SC 700	700	sans-serif
Alegreya Sans SC 700italic	700italic	sans-serif
Alegreya Sans SC 800	800	sans-serif
Alegreya Sans SC 800italic	800italic	sans-serif
Alegreya Sans SC 900	900	sans-serif
Alegreya Sans SC 900italic	900italic	sans-serif
Special Elite regular	regular	display
Caveat regular	regular	handwriting
Caveat 700	700	handwriting
Share regular	regular	display
Share italic	italic	display
Share 700	700	display
Share 700italic	700italic	display
Arima Madurai 100	100	display
Arima Madurai 200	200	display
Arima Madurai 300	300	display
Arima Madurai regular	regular	display
Arima Madurai 500	500	display
Arima Madurai 700	700	display
Arima Madurai 800	800	display
Arima Madurai 900	900	display
Squada One regular	regular	display
Fauna One regular	regular	serif
Kameron regular	regular	serif
Kameron 700	700	serif
Enriqueta regular	regular	serif
Enriqueta 700	700	serif
Antic regular	regular	sans-serif
Scada regular	regular	sans-serif
Scada italic	italic	sans-serif
Scada 700	700	sans-serif
Scada 700italic	700italic	sans-serif
Cousine regular	regular	monospace
Cousine italic	italic	monospace
Cousine 700	700	monospace
Cousine 700italic	700italic	monospace
Prata regular	regular	serif
Prompt 100	100	sans-serif
Prompt 100italic	100italic	sans-serif
Prompt 200	200	sans-serif
Prompt 200italic	200italic	sans-serif
Prompt 300	300	sans-serif
Prompt 300italic	300italic	sans-serif
Prompt regular	regular	sans-serif
Prompt italic	italic	sans-serif
Prompt 500	500	sans-serif
Prompt 500italic	500italic	sans-serif
Prompt 600	600	sans-serif
Prompt 600italic	600italic	sans-serif
Prompt 700	700	sans-serif
Prompt 700italic	700italic	sans-serif
Prompt 800	800	sans-serif
Prompt 800italic	800italic	sans-serif
Prompt 900	900	sans-serif
Prompt 900italic	900italic	sans-serif
Lusitana regular	regular	serif
Lusitana 700	700	serif
Ultra regular	regular	serif
Graduate regular	regular	display
Gochi Hand regular	regular	handwriting
Clicker Script regular	regular	handwriting
Allura regular	regular	handwriting
Convergence regular	regular	sans-serif
PT Serif Caption regular	regular	serif
PT Serif Caption italic	italic	serif
Electrolize regular	regular	sans-serif
Alef regular	regular	sans-serif
Alef 700	700	sans-serif
Ubuntu Mono regular	regular	monospace
Ubuntu Mono italic	italic	monospace
Ubuntu Mono 700	700	monospace
Ubuntu Mono 700italic	700italic	monospace
Viga regular	regular	sans-serif
Rancho regular	regular	handwriting
Allerta regular	regular	sans-serif
Just Another Hand regular	regular	handwriting
Reenie Beanie regular	regular	handwriting
Carme regular	regular	sans-serif
Yesteryear regular	regular	handwriting
Basic regular	regular	sans-serif
Calligraffitti regular	regular	handwriting
Forum regular	regular	display
Hind Vadodara 300	300	sans-serif
Hind Vadodara regular	regular	sans-serif
Hind Vadodara 500	500	sans-serif
Hind Vadodara 600	600	sans-serif
Hind Vadodara 700	700	sans-serif
Khula 300	300	sans-serif
Khula regular	regular	sans-serif
Khula 600	600	sans-serif
Khula 700	700	sans-serif
Khula 800	800	sans-serif
Pinyon Script regular	regular	handwriting
Montserrat Alternates 100	100	sans-serif
Montserrat Alternates 100italic	100italic	sans-serif
Montserrat Alternates 200	200	sans-serif
Montserrat Alternates 200italic	200italic	sans-serif
Montserrat Alternates 300	300	sans-serif
Montserrat Alternates 300italic	300italic	sans-serif
Montserrat Alternates regular	regular	sans-serif
Montserrat Alternates italic	italic	sans-serif
Montserrat Alternates 500	500	sans-serif
Montserrat Alternates 500italic	500italic	sans-serif
Montserrat Alternates 600	600	sans-serif
Montserrat Alternates 600italic	600italic	sans-serif
Montserrat Alternates 700	700	sans-serif
Montserrat Alternates 700italic	700italic	sans-serif
Montserrat Alternates 800	800	sans-serif
Montserrat Alternates 800italic	800italic	sans-serif
Montserrat Alternates 900	900	sans-serif
Montserrat Alternates 900italic	900italic	sans-serif
Overlock regular	regular	display
Overlock italic	italic	display
Overlock 700	700	display
Overlock 700italic	700italic	display
Overlock 900	900	display
Overlock 900italic	900italic	display
Ceviche One regular	regular	display
Nixie One regular	regular	display
Chivo 300	300	sans-serif
Chivo 300italic	300italic	sans-serif
Chivo regular	regular	sans-serif
Chivo italic	italic	sans-serif
Chivo 700	700	sans-serif
Chivo 700italic	700italic	sans-serif
Chivo 900	900	sans-serif
Chivo 900italic	900italic	sans-serif
Michroma regular	regular	sans-serif
Love Ya Like A Sister regular	regular	display
Cherry Cream Soda regular	regular	display
Rufina regular	regular	serif
Rufina 700	700	serif
Marmelad regular	regular	sans-serif
Monoton regular	regular	display
Fanwood Text regular	regular	serif
Fanwood Text italic	italic	serif
Niconne regular	regular	handwriting
Marcellus SC regular	regular	serif
Changa 200	200	sans-serif
Changa 300	300	sans-serif
Changa regular	regular	sans-serif
Changa 500	500	sans-serif
Changa 600	600	sans-serif
Changa 700	700	sans-serif
Changa 800	800	sans-serif
Aldrich regular	regular	sans-serif
Freckle Face regular	regular	display
Limelight regular	regular	display
Spinnaker regular	regular	sans-serif
Parisienne regular	regular	handwriting
Jaldi regular	regular	sans-serif
Jaldi 700	700	sans-serif
Fugaz One regular	regular	display
Marcellus regular	regular	serif
Telex regular	regular	sans-serif
Contrail One regular	regular	display
Ruslan Display regular	regular	display
Petit Formal Script regular	regular	handwriting
Candal regular	regular	sans-serif
Homenaje regular	regular	sans-serif
Cabin Sketch regular	regular	display
Cabin Sketch 700	700	display
Magra regular	regular	sans-serif
Magra 700	700	sans-serif
Tauri regular	regular	sans-serif
Lustria regular	regular	serif
Carter One regular	regular	display
Assistant 200	200	sans-serif
Assistant 300	300	sans-serif
Assistant regular	regular	sans-serif
Assistant 600	600	sans-serif
Assistant 700	700	sans-serif
Assistant 800	800	sans-serif
Oranienbaum regular	regular	serif
Average regular	regular	serif
Press Start 2P regular	regular	display
Marvel regular	regular	sans-serif
Marvel italic	italic	sans-serif
Marvel 700	700	sans-serif
Marvel 700italic	700italic	sans-serif
Grand Hotel regular	regular	handwriting
Bubblegum Sans regular	regular	display
Carrois Gothic regular	regular	sans-serif
Average Sans regular	regular	sans-serif
Sue Ellen Francisco regular	regular	handwriting
Arbutus Slab regular	regular	serif
Voltaire regular	regular	sans-serif
Cambay regular	regular	sans-serif
Cambay italic	italic	sans-serif
Cambay 700	700	sans-serif
Cambay 700italic	700italic	sans-serif
Jockey One regular	regular	sans-serif
Revalia regular	regular	display
Merienda regular	regular	handwriting
Merienda 700	700	handwriting
Fira Sans Condensed 100	100	sans-serif
Fira Sans Condensed 100italic	100italic	sans-serif
Fira Sans Condensed 200	200	sans-serif
Fira Sans Condensed 200italic	200italic	sans-serif
Fira Sans Condensed 300	300	sans-serif
Fira Sans Condensed 300italic	300italic	sans-serif
Fira Sans Condensed regular	regular	sans-serif
Fira Sans Condensed italic	italic	sans-serif
Fira Sans Condensed 500	500	sans-serif
Fira Sans Condensed 500italic	500italic	sans-serif
Fira Sans Condensed 600	600	sans-serif
Fira Sans Condensed 600italic	600italic	sans-serif
Fira Sans Condensed 700	700	sans-serif
Fira Sans Condensed 700italic	700italic	sans-serif
Fira Sans Condensed 800	800	sans-serif
Fira Sans Condensed 800italic	800italic	sans-serif
Fira Sans Condensed 900	900	sans-serif
Fira Sans Condensed 900italic	900italic	sans-serif
Hind Guntur 300	300	sans-serif
Hind Guntur regular	regular	sans-serif
Hind Guntur 500	500	sans-serif
Hind Guntur 600	600	sans-serif
Hind Guntur 700	700	sans-serif
Goudy Bookletter 1911 regular	regular	serif
Andika regular	regular	sans-serif
Slabo 13px regular	regular	serif
Cutive regular	regular	serif
Rammetto One regular	regular	display
Radley regular	regular	serif
Radley italic	italic	serif
Quantico regular	regular	sans-serif
Quantico italic	italic	sans-serif
Quantico 700	700	sans-serif
Quantico 700italic	700italic	sans-serif
Walter Turncoat regular	regular	handwriting
Mr Dafoe regular	regular	handwriting
Six Caps regular	regular	sans-serif
Arsenal regular	regular	sans-serif
Arsenal italic	italic	sans-serif
Arsenal 700	700	sans-serif
Arsenal 700italic	700italic	sans-serif
Crafty Girls regular	regular	handwriting
Anonymous Pro regular	regular	monospace
Anonymous Pro italic	italic	monospace
Anonymous Pro 700	700	monospace
Anonymous Pro 700italic	700italic	monospace
Alegreya SC regular	regular	serif
Alegreya SC italic	italic	serif
Alegreya SC 700	700	serif
Alegreya SC 700italic	700italic	serif
Alegreya SC 900	900	serif
Alegreya SC 900italic	900italic	serif
Fredericka the Great regular	regular	display
Halant 300	300	serif
Halant regular	regular	serif
Halant 500	500	serif
Halant 600	600	serif
Halant 700	700	serif
Eczar regular	regular	serif
Eczar 500	500	serif
Eczar 600	600	serif
Eczar 700	700	serif
Eczar 800	800	serif
Leckerli One regular	regular	handwriting
Puritan regular	regular	sans-serif
Puritan italic	italic	sans-serif
Puritan 700	700	sans-serif
Puritan 700italic	700italic	sans-serif
Schoolbell regular	regular	handwriting
Caveat Brush regular	regular	handwriting
Chonburi regular	regular	display
Annie Use Your Telescope regular	regular	handwriting
Italianno regular	regular	handwriting
Doppio One regular	regular	sans-serif
Cutive Mono regular	regular	monospace
Coustard regular	regular	serif
Coustard 900	900	serif
Ovo regular	regular	serif
Cinzel Decorative regular	regular	display
Cinzel Decorative 700	700	display
Cinzel Decorative 900	900	display
Fontdiner Swanky regular	regular	display
Lateef regular	regular	handwriting
Rosario regular	regular	sans-serif
Rosario italic	italic	sans-serif
Rosario 700	700	sans-serif
Rosario 700italic	700italic	sans-serif
Lekton regular	regular	sans-serif
Lekton italic	italic	sans-serif
Lekton 700	700	sans-serif
Metrophobic regular	regular	sans-serif
Port Lligat Slab regular	regular	serif
Racing Sans One regular	regular	display
Martel Sans 200	200	sans-serif
Martel Sans 300	300	sans-serif
Martel Sans regular	regular	sans-serif
Martel Sans 600	600	sans-serif
Martel Sans 700	700	sans-serif
Martel Sans 800	800	sans-serif
Martel Sans 900	900	sans-serif
Lilita One regular	regular	display
Berkshire Swash regular	regular	handwriting
Kelly Slab regular	regular	display
Caudex regular	regular	serif
Caudex italic	italic	serif
Caudex 700	700	serif
Caudex 700italic	700italic	serif
Baloo regular	regular	display
Oregano regular	regular	display
Oregano italic	italic	display
Karma 300	300	serif
Karma regular	regular	serif
Karma 500	500	serif
Karma 600	600	serif
Karma 700	700	serif
Gilda Display regular	regular	serif
Give You Glory regular	regular	handwriting
Gruppo regular	regular	display
Lalezar regular	regular	display
Londrina Solid regular	regular	display
Trirong 100	100	serif
Trirong 100italic	100italic	serif
Trirong 200	200	serif
Trirong 200italic	200italic	serif
Trirong 300	300	serif
Trirong 300italic	300italic	serif
Trirong regular	regular	serif
Trirong italic	italic	serif
Trirong 500	500	serif
Trirong 500italic	500italic	serif
Trirong 600	600	serif
Trirong 600italic	600italic	serif
Trirong 700	700	serif
Trirong 700italic	700italic	serif
Trirong 800	800	serif
Trirong 800italic	800italic	serif
Trirong 900	900	serif
Trirong 900italic	900italic	serif
Zeyada regular	regular	handwriting
Anaheim regular	regular	sans-serif
Belleza regular	regular	sans-serif
Palanquin 100	100	sans-serif
Palanquin 200	200	sans-serif
Palanquin 300	300	sans-serif
Palanquin regular	regular	sans-serif
Palanquin 500	500	sans-serif
Palanquin 600	600	sans-serif
Palanquin 700	700	sans-serif
Inder regular	regular	sans-serif
Space Mono regular	regular	monospace
Space Mono italic	italic	monospace
Space Mono 700	700	monospace
Space Mono 700italic	700italic	monospace
Cambo regular	regular	serif
Happy Monkey regular	regular	display
Ranga regular	regular	display
Ranga 700	700	display
Slackey regular	regular	display
Tenor Sans regular	regular	sans-serif
The Girl Next Door regular	regular	handwriting
Titan One regular	regular	display
Waiting for the Sunrise regular	regular	handwriting
Mouse Memoirs regular	regular	sans-serif
Trocchi regular	regular	serif
Baumans regular	regular	display
Federo regular	regular	sans-serif
Pompiere regular	regular	display
Quando regular	regular	serif
Palanquin Dark regular	regular	sans-serif
Palanquin Dark 500	500	sans-serif
Palanquin Dark 600	600	sans-serif
Palanquin Dark 700	700	sans-serif
Capriola regular	regular	sans-serif
Brawler regular	regular	serif
Merienda One regular	regular	handwriting
Delius regular	regular	handwriting
Itim regular	regular	handwriting
Carrois Gothic SC regular	regular	sans-serif
Mate regular	regular	serif
Mate italic	italic	serif
Prosto One regular	regular	display
Knewave regular	regular	display
Kranky regular	regular	display
Yeseva One regular	regular	display
Chelsea Market regular	regular	display
Lemon regular	regular	display
Herr Von Muellerhoff regular	regular	handwriting
Fira Sans Extra Condensed 100	100	sans-serif
Fira Sans Extra Condensed 100italic	100italic	sans-serif
Fira Sans Extra Condensed 200	200	sans-serif
Fira Sans Extra Condensed 200italic	200italic	sans-serif
Fira Sans Extra Condensed 300	300	sans-serif
Fira Sans Extra Condensed 300italic	300italic	sans-serif
Fira Sans Extra Condensed regular	regular	sans-serif
Fira Sans Extra Condensed italic	italic	sans-serif
Fira Sans Extra Condensed 500	500	sans-serif
Fira Sans Extra Condensed 500italic	500italic	sans-serif
Fira Sans Extra Condensed 600	600	sans-serif
Fira Sans Extra Condensed 600italic	600italic	sans-serif
Fira Sans Extra Condensed 700	700	sans-serif
Fira Sans Extra Condensed 700italic	700italic	sans-serif
Fira Sans Extra Condensed 800	800	sans-serif
Fira Sans Extra Condensed 800italic	800italic	sans-serif
Fira Sans Extra Condensed 900	900	sans-serif
Fira Sans Extra Condensed 900italic	900italic	sans-serif
Judson regular	regular	serif
Judson italic	italic	serif
Judson 700	700	serif
IM Fell English regular	regular	serif
IM Fell English italic	italic	serif
Allan regular	regular	display
Allan 700	700	display
Baloo Paaji regular	regular	display
Andada regular	regular	serif
Short Stack regular	regular	handwriting
Mako regular	regular	sans-serif
Gravitas One regular	regular	display
Duru Sans regular	regular	sans-serif
Reem Kufi regular	regular	sans-serif
Mr De Haviland regular	regular	handwriting
Crushed regular	regular	display
Alike regular	regular	serif
Taviraj 100	100	serif
Taviraj 100italic	100italic	serif
Taviraj 200	200	serif
Taviraj 200italic	200italic	serif
Taviraj 300	300	serif
Taviraj 300italic	300italic	serif
Taviraj regular	regular	serif
Taviraj italic	italic	serif
Taviraj 500	500	serif
Taviraj 500italic	500italic	serif
Taviraj 600	600	serif
Taviraj 600italic	600italic	serif
Taviraj 700	700	serif
Taviraj 700italic	700italic	serif
Taviraj 800	800	serif
Taviraj 800italic	800italic	serif
Taviraj 900	900	serif
Taviraj 900italic	900italic	serif
Montez regular	regular	handwriting
Abhaya Libre regular	regular	serif
Abhaya Libre 500	500	serif
Abhaya Libre 600	600	serif
Abhaya Libre 700	700	serif
Abhaya Libre 800	800	serif
Prociono regular	regular	serif
Poly regular	regular	serif
Poly italic	italic	serif
IM Fell English SC regular	regular	serif
Strait regular	regular	sans-serif
Frijole regular	regular	display
IM Fell Double Pica regular	regular	serif
IM Fell Double Pica italic	italic	serif
Oxygen Mono regular	regular	monospace
Wire One regular	regular	sans-serif
Biryani 200	200	sans-serif
Biryani 300	300	sans-serif
Biryani regular	regular	sans-serif
Biryani 600	600	sans-serif
Biryani 700	700	sans-serif
Biryani 800	800	sans-serif
Biryani 900	900	sans-serif
Kurale regular	regular	serif
Oleo Script Swash Caps regular	regular	display
Oleo Script Swash Caps 700	700	display
Belgrano regular	regular	serif
Arizonia regular	regular	handwriting
Just Me Again Down Here regular	regular	handwriting
Bowlby One regular	regular	display
Orienta regular	regular	sans-serif
Meddon regular	regular	handwriting
UnifrakturMaguntia regular	regular	display
Megrim regular	regular	display
Unkempt regular	regular	display
Unkempt 700	700	display
Mountains of Christmas regular	regular	display
Mountains of Christmas 700	700	display
Macondo regular	regular	display
Chau Philomene One regular	regular	sans-serif
Chau Philomene One italic	italic	sans-serif
Norican regular	regular	handwriting
Averia Sans Libre 300	300	display
Averia Sans Libre 300italic	300italic	display
Averia Sans Libre regular	regular	display
Averia Sans Libre italic	italic	display
Averia Sans Libre 700	700	display
Averia Sans Libre 700italic	700italic	display
Averia Serif Libre 300	300	display
Averia Serif Libre 300italic	300italic	display
Averia Serif Libre regular	regular	display
Averia Serif Libre italic	italic	display
Averia Serif Libre 700	700	display
Averia Serif Libre 700italic	700italic	display
Gafata regular	regular	sans-serif
Sansita regular	regular	sans-serif
Sansita italic	italic	sans-serif
Sansita 700	700	sans-serif
Sansita 700italic	700italic	sans-serif
Sansita 800	800	sans-serif
Sansita 800italic	800italic	sans-serif
Sansita 900	900	sans-serif
Sansita 900italic	900italic	sans-serif
Rationale regular	regular	sans-serif
Euphoria Script regular	regular	handwriting
Delius Unicase regular	regular	handwriting
Delius Unicase 700	700	handwriting
Bungee Inline regular	regular	display
Miriam Libre regular	regular	sans-serif
Miriam Libre 700	700	sans-serif
Headland One regular	regular	serif
Nova Square regular	regular	display
Gabriela regular	regular	serif
Bentham regular	regular	serif
Unna regular	regular	serif
Unna italic	italic	serif
Unna 700	700	serif
Unna 700italic	700italic	serif
Cormorant 300	300	serif
Cormorant 300italic	300italic	serif
Cormorant regular	regular	serif
Cormorant italic	italic	serif
Cormorant 500	500	serif
Cormorant 500italic	500italic	serif
Cormorant 600	600	serif
Cormorant 600italic	600italic	serif
Cormorant 700	700	serif
Cormorant 700italic	700italic	serif
Poller One regular	regular	display
La Belle Aurore regular	regular	handwriting
Bowlby One SC regular	regular	display
Holtwood One SC regular	regular	serif
Mallanna regular	regular	sans-serif
Sofia regular	regular	handwriting
Aladin regular	regular	handwriting
Loved by the King regular	regular	handwriting
Lily Script One regular	regular	display
Skranji regular	regular	display
Skranji 700	700	display
Pridi 200	200	serif
Pridi 300	300	serif
Pridi regular	regular	serif
Pridi 500	500	serif
Pridi 600	600	serif
Pridi 700	700	serif
Qwigley regular	regular	handwriting
Kristi regular	regular	handwriting
Scheherazade regular	regular	serif
Scheherazade 700	700	serif
Vast Shadow regular	regular	display
Fira Mono regular	regular	monospace
Fira Mono 500	500	monospace
Fira Mono 700	700	monospace
Bilbo Swash Caps regular	regular	handwriting
Yrsa 300	300	serif
Yrsa regular	regular	serif
Yrsa 500	500	serif
Yrsa 600	600	serif
Yrsa 700	700	serif
Expletus Sans regular	regular	display
Expletus Sans italic	italic	display
Expletus Sans 500	500	display
Expletus Sans 500italic	500italic	display
Expletus Sans 600	600	display
Expletus Sans 600italic	600italic	display
Expletus Sans 700	700	display
Expletus Sans 700italic	700italic	display
Voces regular	regular	display
Metamorphous regular	regular	display
Corben regular	regular	display
Corben 700	700	display
Shojumaru regular	regular	display
Sniglet regular	regular	display
Sniglet 800	800	display
Cherry Swash regular	regular	display
Cherry Swash 700	700	display
Fondamento regular	regular	handwriting
Fondamento italic	italic	handwriting
Mitr 200	200	sans-serif
Mitr 300	300	sans-serif
Mitr regular	regular	sans-serif
Mitr 500	500	sans-serif
Mitr 600	600	sans-serif
Mitr 700	700	sans-serif
Seaweed Script regular	regular	display
IM Fell DW Pica regular	regular	serif
IM Fell DW Pica italic	italic	serif
Imprima regular	regular	sans-serif
Suranna regular	regular	serif
Salsa regular	regular	display
Dorsa regular	regular	sans-serif
Amethysta regular	regular	serif
Share Tech Mono regular	regular	monospace
Patrick Hand SC regular	regular	handwriting
Denk One regular	regular	sans-serif
Rouge Script regular	regular	handwriting
Stardos Stencil regular	regular	display
Stardos Stencil 700	700	display
Ramabhadra regular	regular	sans-serif
Shanti regular	regular	sans-serif
Italiana regular	regular	serif
Stalemate regular	regular	handwriting
Raleway Dots regular	regular	display
Dawning of a New Day regular	regular	handwriting
Tienne regular	regular	serif
Tienne 700	700	serif
Tienne 900	900	serif
Lemonada 300	300	display
Lemonada regular	regular	display
Lemonada 600	600	display
Lemonada 700	700	display
Kotta One regular	regular	serif
Engagement regular	regular	handwriting
Over the Rainbow regular	regular	handwriting
Delius Swash Caps regular	regular	handwriting
Ledger regular	regular	serif
Medula One regular	regular	display
Aguafina Script regular	regular	handwriting
Englebert regular	regular	sans-serif
Podkova regular	regular	serif
Podkova 500	500	serif
Podkova 600	600	serif
Podkova 700	700	serif
Podkova 800	800	serif
Finger Paint regular	regular	display
Buenard regular	regular	serif
Buenard 700	700	serif
Faster One regular	regular	display
Cedarville Cursive regular	regular	handwriting
Life Savers regular	regular	display
Life Savers 700	700	display
Habibi regular	regular	serif
Iceland regular	regular	display
Nova Mono regular	regular	monospace
Wendy One regular	regular	sans-serif
BioRhyme 200	200	serif
BioRhyme 300	300	serif
BioRhyme regular	regular	serif
BioRhyme 700	700	serif
BioRhyme 800	800	serif
Geo regular	regular	sans-serif
Geo italic	italic	sans-serif
Harmattan regular	regular	sans-serif
Maitree 200	200	serif
Maitree 300	300	serif
Maitree regular	regular	serif
Maitree 500	500	serif
Maitree 600	600	serif
Maitree 700	700	serif
Esteban regular	regular	serif
Simonetta regular	regular	display
Simonetta italic	italic	display
Simonetta 900	900	display
Simonetta 900italic	900italic	display
Balthazar regular	regular	serif
Fenix regular	regular	serif
Sail regular	regular	display
Vampiro One regular	regular	display
NTR regular	regular	sans-serif
Mukta Vaani 200	200	sans-serif
Mukta Vaani 300	300	sans-serif
Mukta Vaani regular	regular	sans-serif
Mukta Vaani 500	500	sans-serif
Mukta Vaani 600	600	sans-serif
Mukta Vaani 700	700	sans-serif
Mukta Vaani 800	800	sans-serif
Mandali regular	regular	sans-serif
Baloo Tamma regular	regular	display
Creepster regular	regular	display
Vesper Libre regular	regular	serif
Vesper Libre 500	500	serif
Vesper Libre 700	700	serif
Vesper Libre 900	900	serif
Sumana regular	regular	serif
Sumana 700	700	serif
Kite One regular	regular	sans-serif
Ruluko regular	regular	sans-serif
Flamenco 300	300	display
Flamenco regular	regular	display
Khmer regular	regular	display
Julee regular	regular	handwriting
League Script regular	regular	handwriting
Quintessential regular	regular	handwriting
Codystar 300	300	display
Codystar regular	regular	display
Wallpoet regular	regular	display
Mate SC regular	regular	serif
Rye regular	regular	display
Rosarivo regular	regular	serif
Rosarivo italic	italic	serif
Spirax regular	regular	display
McLaren regular	regular	display
Amarante regular	regular	display
Kadwa regular	regular	serif
Kadwa 700	700	serif
Share Tech regular	regular	sans-serif
Secular One regular	regular	sans-serif
Fjord One regular	regular	serif
Donegal One regular	regular	serif
Pavanam regular	regular	sans-serif
Suez One regular	regular	serif
New Rocker regular	regular	display
Mystery Quest regular	regular	display
Sunshiney regular	regular	handwriting
Aref Ruqaa regular	regular	serif
Aref Ruqaa 700	700	serif
IM Fell DW Pica SC regular	regular	serif
Battambang regular	regular	display
Battambang 700	700	display
Text Me One regular	regular	sans-serif
Dynalight regular	regular	display
David Libre regular	regular	serif
David Libre 500	500	serif
David Libre 700	700	serif
IM Fell French Canon regular	regular	serif
IM Fell French Canon italic	italic	serif
Cantora One regular	regular	sans-serif
Overpass 100	100	sans-serif
Overpass 100italic	100italic	sans-serif
Overpass 200	200	sans-serif
Overpass 200italic	200italic	sans-serif
Overpass 300	300	sans-serif
Overpass 300italic	300italic	sans-serif
Overpass regular	regular	sans-serif
Overpass italic	italic	sans-serif
Overpass 600	600	sans-serif
Overpass 600italic	600italic	sans-serif
Overpass 700	700	sans-serif
Overpass 700italic	700italic	sans-serif
Overpass 800	800	sans-serif
Overpass 800italic	800italic	sans-serif
Overpass 900	900	sans-serif
Overpass 900italic	900italic	sans-serif
Mada 300	300	sans-serif
Mada regular	regular	sans-serif
Mada 500	500	sans-serif
Mada 900	900	sans-serif
Condiment regular	regular	handwriting
Chicle regular	regular	display
Athiti 200	200	sans-serif
Athiti 300	300	sans-serif
Athiti regular	regular	sans-serif
Athiti 500	500	sans-serif
Athiti 600	600	sans-serif
Athiti 700	700	sans-serif
Maiden Orange regular	regular	display
Krona One regular	regular	sans-serif
Sonsie One regular	regular	display
Averia Libre 300	300	display
Averia Libre 300italic	300italic	display
Averia Libre regular	regular	display
Averia Libre italic	italic	display
Averia Libre 700	700	display
Averia Libre 700italic	700italic	display
Rozha One regular	regular	serif
Numans regular	regular	sans-serif
Milonga regular	regular	display
Stint Ultra Expanded regular	regular	display
Stoke 300	300	serif
Stoke regular	regular	serif
Eagle Lake regular	regular	handwriting
Amatica SC regular	regular	display
Amatica SC 700	700	display
Baloo Chettan regular	regular	display
Miniver regular	regular	display
Rubik Mono One regular	regular	sans-serif
Almendra regular	regular	serif
Almendra italic	italic	serif
Almendra 700	700	serif
Almendra 700italic	700italic	serif
Cagliostro regular	regular	sans-serif
Bungee Shade regular	regular	display
Proza Libre regular	regular	sans-serif
Proza Libre italic	italic	sans-serif
Proza Libre 500	500	sans-serif
Proza Libre 500italic	500italic	sans-serif
Proza Libre 600	600	sans-serif
Proza Libre 600italic	600italic	sans-serif
Proza Libre 700	700	sans-serif
Proza Libre 700italic	700italic	sans-serif
Proza Libre 800	800	sans-serif
Proza Libre 800italic	800italic	sans-serif
Elsie regular	regular	display
Elsie 900	900	display
Wellfleet regular	regular	display
Nosifer regular	regular	display
Coda Caption 800	800	sans-serif
Vibur regular	regular	handwriting
Timmana regular	regular	sans-serif
Artifika regular	regular	serif
Alike Angular regular	regular	serif
Junge regular	regular	serif
Inika regular	regular	serif
Inika 700	700	serif
Tulpen One regular	regular	display
Nova Round regular	regular	display
Sriracha regular	regular	handwriting
Paprika regular	regular	display
Pattaya regular	regular	sans-serif
Mrs Saint Delafield regular	regular	handwriting
UnifrakturCook 700	700	display
Bilbo regular	regular	handwriting
Asul regular	regular	sans-serif
Asul 700	700	sans-serif
Buda 300	300	display
Antic Didone regular	regular	serif
Petrona regular	regular	serif
Bungee regular	regular	display
Glass Antiqua regular	regular	display
IM Fell Great Primer regular	regular	serif
IM Fell Great Primer italic	italic	serif
Sancreek regular	regular	display
Ribeye regular	regular	display
Kavoon regular	regular	display
Stint Ultra Condensed regular	regular	display
Swanky and Moo Moo regular	regular	handwriting
Sarina regular	regular	display
Croissant One regular	regular	display
Linden Hill regular	regular	serif
Linden Hill italic	italic	serif
Dekko regular	regular	handwriting
Arya regular	regular	sans-serif
Arya 700	700	sans-serif
Amiko regular	regular	sans-serif
Amiko 600	600	sans-serif
Amiko 700	700	sans-serif
Trade Winds regular	regular	display
IM Fell Great Primer SC regular	regular	serif
Hind Madurai 300	300	sans-serif
Hind Madurai regular	regular	sans-serif
Hind Madurai 500	500	sans-serif
Hind Madurai 600	600	sans-serif
Hind Madurai 700	700	sans-serif
Cormorant Infant 300	300	serif
Cormorant Infant 300italic	300italic	serif
Cormorant Infant regular	regular	serif
Cormorant Infant italic	italic	serif
Cormorant Infant 500	500	serif
Cormorant Infant 500italic	500italic	serif
Cormorant Infant 600	600	serif
Cormorant Infant 600italic	600italic	serif
Cormorant Infant 700	700	serif
Cormorant Infant 700italic	700italic	serif
Overlock SC regular	regular	display
Angkor regular	regular	display
Joti One regular	regular	display
Bigshot One regular	regular	display
Meie Script regular	regular	handwriting
Ruthie regular	regular	handwriting
Offside regular	regular	display
Monsieur La Doulaise regular	regular	handwriting
Monofett regular	regular	display
Laila 300	300	serif
Laila regular	regular	serif
Laila 500	500	serif
Laila 600	600	serif
Laila 700	700	serif
IM Fell Double Pica SC regular	regular	serif
Inknut Antiqua 300	300	serif
Inknut Antiqua regular	regular	serif
Inknut Antiqua 500	500	serif
Inknut Antiqua 600	600	serif
Inknut Antiqua 700	700	serif
Inknut Antiqua 800	800	serif
Inknut Antiqua 900	900	serif
IM Fell French Canon SC regular	regular	serif
Henny Penny regular	regular	display
Emilys Candy regular	regular	display
Ravi Prakash regular	regular	display
MedievalSharp regular	regular	display
Della Respira regular	regular	serif
El Messiri regular	regular	sans-serif
El Messiri 500	500	sans-serif
El Messiri 600	600	sans-serif
El Messiri 700	700	sans-serif
Jolly Lodger regular	regular	display
Iceberg regular	regular	display
Port Lligat Sans regular	regular	sans-serif
Content regular	regular	display
Content 700	700	display
Trykker regular	regular	serif
Peralta regular	regular	display
Redressed regular	regular	handwriting
Autour One regular	regular	display
Pirata One regular	regular	display
Nova Slim regular	regular	display
Fresca regular	regular	sans-serif
Lovers Quarrel regular	regular	handwriting
Snippet regular	regular	sans-serif
Akronim regular	regular	display
Bubbler One regular	regular	sans-serif
Germania One regular	regular	display
Dr Sugiyama regular	regular	handwriting
Galindo regular	regular	display
Oldenburg regular	regular	display
Nova Oval regular	regular	display
Pangolin regular	regular	handwriting
Koulen regular	regular	display
Piedra regular	regular	display
Montaga regular	regular	serif
Diplomata regular	regular	display
Irish Grover regular	regular	display
Jomhuria regular	regular	display
Ranchers regular	regular	display
Modern Antiqua regular	regular	display
Griffy regular	regular	display
Snowburst One regular	regular	display
Lancelot regular	regular	display
Baloo Thambi regular	regular	display
Chango regular	regular	display
Purple Purse regular	regular	display
Plaster regular	regular	display
Original Surfer regular	regular	display
Bokor regular	regular	display
Keania One regular	regular	display
Ramaraja regular	regular	serif
Rhodium Libre regular	regular	serif
Uncial Antiqua regular	regular	display
Mirza regular	regular	display
Mirza 500	500	display
Mirza 600	600	display
Mirza 700	700	display
Odor Mean Chey regular	regular	display
Almendra SC regular	regular	serif
Scope One regular	regular	serif
Kenia regular	regular	display
Nova Flat regular	regular	display
Galdeano regular	regular	sans-serif
Mrs Sheppards regular	regular	handwriting
Spicy Rice regular	regular	display
Londrina Outline regular	regular	display
Suwannaphum regular	regular	display
Sahitya regular	regular	serif
Sahitya 700	700	serif
Princess Sofia regular	regular	handwriting
Goblin One regular	regular	display
Ewert regular	regular	display
Trochut regular	regular	display
Trochut italic	italic	display
Trochut 700	700	display
Underdog regular	regular	display
Smythe regular	regular	display
Fascinate regular	regular	display
Molle italic	italic	handwriting
Modak regular	regular	display
Bayon regular	regular	display
Amita regular	regular	handwriting
Amita 700	700	handwriting
Rum Raisin regular	regular	sans-serif
Astloch regular	regular	display
Astloch 700	700	display
Caesar Dressing regular	regular	display
Averia Gruesa Libre regular	regular	display
Gorditas regular	regular	display
Gorditas 700	700	display
Jim Nightshade regular	regular	handwriting
Farsan regular	regular	display
Cormorant SC 300	300	serif
Cormorant SC regular	regular	serif
Cormorant SC 500	500	serif
Cormorant SC 600	600	serif
Cormorant SC 700	700	serif
Asset regular	regular	display
Atomic Age regular	regular	display
Ribeye Marrow regular	regular	display
Miltonian Tattoo regular	regular	display
Elsie Swash Caps regular	regular	display
Elsie Swash Caps 900	900	display
Seymour One regular	regular	sans-serif
Nova Script regular	regular	display
Passero One regular	regular	display
Fascinate Inline regular	regular	display
Cormorant Upright 300	300	serif
Cormorant Upright regular	regular	serif
Cormorant Upright 500	500	serif
Cormorant Upright 600	600	serif
Cormorant Upright 700	700	serif
Jacques Francois regular	regular	serif
Jacques Francois Shadow regular	regular	display
Margarine regular	regular	display
Sura regular	regular	serif
Sura 700	700	serif
Romanesco regular	regular	handwriting
Miltonian regular	regular	display
Tillana regular	regular	handwriting
Tillana 500	500	handwriting
Tillana 600	600	handwriting
Tillana 700	700	handwriting
Tillana 800	800	handwriting
Londrina Shadow regular	regular	display
Diplomata SC regular	regular	display
Barrio regular	regular	display
Moul regular	regular	display
Siemreap regular	regular	display
Rasa 300	300	serif
Rasa regular	regular	serif
Rasa 500	500	serif
Rasa 600	600	serif
Rasa 700	700	serif
Freehand regular	regular	display
Rakkas regular	regular	display
Erica One regular	regular	display
Felipa regular	regular	handwriting
Miss Fajardose regular	regular	handwriting
Baloo Bhai regular	regular	display
Londrina Sketch regular	regular	display
Geostar Fill regular	regular	display
Arbutus regular	regular	display
Smokum regular	regular	display
Metal Mania regular	regular	display
Devonshire regular	regular	handwriting
Asar regular	regular	serif
Bonbon regular	regular	handwriting
Warnes regular	regular	display
Nova Cut regular	regular	display
Coiny regular	regular	display
Marko One regular	regular	serif
Combo regular	regular	display
Sirin Stencil regular	regular	display
Galada regular	regular	display
Almendra Display regular	regular	display
Atma 300	300	display
Atma regular	regular	display
Atma 500	500	display
Atma 600	600	display
Atma 700	700	display
Butterfly Kids regular	regular	handwriting
Metal regular	regular	display
Sofadi One regular	regular	display
Eater regular	regular	display
Macondo Swash Caps regular	regular	display
Geostar regular	regular	display
Federant regular	regular	display
Flavors regular	regular	display
Aubrey regular	regular	display
Sevillana regular	regular	display
Ruge Boogie regular	regular	handwriting
Unlock regular	regular	display
Stalinist One regular	regular	display
Taprom regular	regular	display
Chenla regular	regular	display
Bigelow Rules regular	regular	display
Preahvihear regular	regular	display
Dangrek regular	regular	display
Yatra One regular	regular	display
Sree Krushnadevaraya regular	regular	serif
Butcherman regular	regular	display
Fruktur regular	regular	display
Supermercado One regular	regular	display
Mogra regular	regular	display
Risque regular	regular	display
Emblema One regular	regular	display
Lakki Reddy regular	regular	handwriting
Katibeh regular	regular	display
Chela One regular	regular	display
Kumar One regular	regular	display
Padauk regular	regular	sans-serif
Padauk 700	700	sans-serif
Tenali Ramakrishna regular	regular	sans-serif
Mr Bedfort regular	regular	handwriting
Meera Inimai regular	regular	sans-serif
Baloo Da regular	regular	display
Kdam Thmor regular	regular	display
Cormorant Unicase 300	300	serif
Cormorant Unicase regular	regular	serif
Cormorant Unicase 500	500	serif
Cormorant Unicase 600	600	serif
Cormorant Unicase 700	700	serif
Moulpali regular	regular	display
Hanalei regular	regular	display
Peddana regular	regular	serif
Hanalei Fill regular	regular	display
Dhurjati regular	regular	sans-serif
Bungee Hairline regular	regular	display
Bahiana regular	regular	display
Overpass Mono 300	300	monospace
Overpass Mono regular	regular	monospace
Overpass Mono 600	600	monospace
Overpass Mono 700	700	monospace
Bungee Outline regular	regular	display
Kavivanar regular	regular	handwriting
Suravaram regular	regular	serif
BioRhyme Expanded 200	200	serif
BioRhyme Expanded 300	300	serif
BioRhyme Expanded regular	regular	serif
BioRhyme Expanded 700	700	serif
BioRhyme Expanded 800	800	serif
Kumar One Outline regular	regular	display